epoch,loss,recon,sparsity
0,496097.1053161621,232430.97506332397,263666.1304702759
1,381258.5333213806,182948.4392490387,198310.09399414062
2,365896.0379486084,174562.48248291016,191333.55550384521
3,360853.2356452942,172501.43279075623,188351.8028755188
4,357461.39542007446,171330.72314834595,186130.67217826843
5,355703.6576385498,171101.39380836487,184602.26385307312
6,354836.70638656616,171145.0064048767,183691.70002555847
7,354377.0474014282,171264.39930915833,183112.64826774597
8,354005.59328079224,171289.2114830017,182716.3818206787
9,353678.4818572998,171164.96384620667,182513.51798439026
10,353430.32119750977,171111.8265399933,182318.49468803406
11,353334.73819732666,171211.3646183014,182123.37344360352
12,353178.74922180176,171132.92425346375,182045.82494926453
13,352999.9994773865,171038.78046798706,181961.21896743774
14,353039.62142181396,171147.04196166992,181892.57941627502
15,352938.05128479004,171104.8990097046,181833.15229988098
16,352871.7780570984,171073.4009552002,181798.37700653076
17,352861.29429244995,171103.71220207214,181757.5821838379
18,352731.4469528198,171005.120262146,181726.3267173767
19,352678.6594314575,170958.77876663208,181719.88062477112
20,352624.8863296509,170892.58576965332,181732.3005580902
21,352618.57705688477,170881.5735015869,181737.00358390808
22,352601.71421813965,170938.88177490234,181662.83254623413
23,352492.4769706726,170843.64547729492,181648.8316230774
24,352514.22465515137,170939.1530609131,181575.07147026062
25,352487.36559295654,170881.91873550415,181605.4468574524
26,352470.1125488281,170849.78444480896,181620.32816886902
27,352400.6849822998,170822.78337860107,181577.90152549744
28,352445.6827697754,170919.0230064392,181526.65963935852
29,352419.89513015747,170866.77957344055,181553.11538124084
30,352413.6069030762,170850.9582977295,181562.64864349365
31,352421.63537979126,170904.00977134705,181517.62553024292
32,352386.7060775757,170868.34407234192,181518.3619670868
33,352288.09534454346,170763.70672988892,181524.38849830627
34,352326.099861145,170760.5193195343,181565.5807132721
35,352297.4692878723,170765.93572998047,181531.5334739685
36,352346.0097732544,170812.171749115,181533.83801651
37,352353.62956237793,170794.81252861023,181558.81725502014
38,352283.0977859497,170757.1863899231,181525.9114112854
39,352305.2782936096,170822.78543663025,181482.4927959442
40,352286.3679237366,170802.8756904602,181483.49242210388
41,352231.06142807007,170765.3086833954,181465.75288581848
42,352245.4447784424,170784.1942577362,181461.25060462952
43,352234.44984817505,170737.7684993744,181496.68140602112
44,352264.510761261,170798.81639289856,181465.69436264038
45,352286.7184791565,170779.65494155884,181507.06344413757
46,352247.29370880127,170842.71505355835,181404.5785598755
47,352311.60176467896,170918.1263923645,181393.47540283203
48,352329.8745803833,170845.07398223877,181484.80075454712
49,352286.8965988159,170832.76600265503,181454.13069152832
50,352387.1421699524,170900.389005661,181486.75336265564
51,352292.0138435364,170779.54048919678,181512.47334098816
52,352239.9094276428,170712.60866355896,181527.30088424683
53,352261.43099975586,170756.15888404846,181505.27197265625
54,352223.1390762329,170775.75881195068,181447.37999916077
55,352178.15785217285,170718.66811180115,181459.4898338318
56,352237.86016464233,170757.5788822174,181480.28128623962
57,352200.8521575928,170740.91680145264,181459.9354801178
58,352231.8219909668,170793.96055793762,181437.8613243103
59,352105.8510055542,170634.35747146606,181471.49361038208
60,352193.672744751,170766.05395317078,181427.61876296997
61,352217.4222755432,170779.0118083954,181438.41062355042
62,352216.2474899292,170795.83779335022,181420.4097213745
63,352137.83584213257,170718.16954421997,181419.66620445251
64,352165.7997970581,170760.61044692993,181405.18926620483
65,352192.68590164185,170808.08528900146,181384.600522995
66,352183.9125289917,170759.52665138245,181424.38570594788
67,352135.33472824097,170681.63689613342,181453.69788742065
68,352168.87127685547,170742.25949668884,181426.61185073853
69,352214.0113067627,170756.82942390442,181457.1817970276
70,352165.0291252136,170773.493144989,181391.53589630127
71,352153.1800727844,170767.39172172546,181385.78840065002
72,352081.81761932373,170666.99100112915,181414.82653045654
73,352123.4139595032,170647.78675079346,181475.627450943
74,352208.96213912964,170718.12316131592,181490.83900260925
75,352192.6897697449,170713.47615623474,181479.2136592865
76,352097.9412918091,170643.06636047363,181454.87510871887
77,352165.749294281,170712.78700256348,181452.9620475769
78,352158.00371932983,170694.69417572021,181463.3094215393
79,352161.25119400024,170707.84740257263,181453.4037914276
80,352195.26024246216,170721.97207069397,181473.28826141357
81,352110.0654602051,170645.8440475464,181464.221244812
82,352131.5037460327,170722.0034160614,181409.50023460388
83,352126.0959472656,170771.06066703796,181355.03514289856
84,352149.95236968994,170740.02222251892,181409.93014907837
85,352183.0888557434,170801.746635437,181381.34245681763
86,352100.3733253479,170716.86807250977,181383.50528526306
87,352096.5511627197,170716.84773254395,181379.70350837708
88,352089.1878814697,170682.60013771057,181406.5875530243
89,352047.51190567017,170634.01309394836,181413.49872398376
90,352072.4066772461,170642.71293449402,181429.6937637329
91,352057.66246795654,170693.5235900879,181364.13885688782
92,352007.0964317322,170660.06708145142,181347.02938842773
93,352022.28969192505,170640.73285484314,181381.55679130554
94,352099.7625541687,170728.92108154297,181370.8414592743
95,352078.1101722717,170670.90327644348,181407.20689964294
96,351979.04277420044,170549.78353118896,181429.25930213928
97,352126.1406517029,170743.54250907898,181382.5980014801
98,352043.74698257446,170649.98888587952,181393.75820541382
99,352038.2636833191,170624.43554496765,181413.8281841278
100,351938.4540634155,170544.58453941345,181393.86953163147
101,352081.2611274719,170689.6255054474,181391.63557434082
102,351966.28173446655,170536.43179512024,181429.8499622345
103,352060.615272522,170713.7150001526,181346.90047073364
104,351968.6556854248,170610.45915794373,181358.19649505615
105,351991.3190345764,170638.68747711182,181352.63153457642
106,352056.05210494995,170679.26628303528,181376.78579711914
107,352031.492351532,170642.97189712524,181388.5204296112
108,351928.86560440063,170511.54559135437,181417.3201198578
109,352052.0548248291,170683.88439559937,181368.1702899933
110,351930.1442222595,170579.25026130676,181350.89399719238
111,351994.3790855408,170625.19796562195,181369.18106079102
112,352003.4832839966,170686.0202293396,181317.46309661865
113,352027.48040008545,170686.88542747498,181340.59513282776
114,352047.5569152832,170723.7626132965,181323.79422950745
115,351996.8946647644,170702.71211242676,181294.18272209167
116,352066.9725570679,170726.9411830902,181340.03122329712
117,351980.97830581665,170644.1837234497,181336.79454421997
118,352001.3095664978,170659.26690483093,181342.04274749756
119,352049.03955841064,170672.24063110352,181376.79895973206
120,351931.7396812439,170601.54168510437,181330.19793510437
121,351995.99336242676,170674.85589408875,181321.13751602173
122,351988.4432487488,170630.30010032654,181358.14320373535
123,351942.45136642456,170551.56644821167,181390.8848400116
124,352020.56115341187,170689.1568183899,181331.4043598175
125,351852.3395347595,170519.48894119263,181332.8505344391
126,351950.0321121216,170617.86868476868,181332.16340637207
127,351972.9563140869,170641.46376609802,181331.49265289307
128,351977.6666107178,170590.3892803192,181387.2775001526
129,351891.3971786499,170503.90524101257,181387.4919872284
130,351988.8512763977,170602.765958786,181386.08537864685
131,351978.76024246216,170657.38809776306,181321.37218093872
132,351974.87799072266,170577.68781852722,181397.19031333923
133,351966.98609924316,170619.29386520386,181347.69221115112
134,351901.5275154114,170558.64266586304,181342.88496017456
135,351937.3712692261,170607.64320373535,181329.72804260254
136,351966.2349090576,170598.2991962433,181367.93569374084
137,351933.26569366455,170606.94207763672,181326.32379341125
138,351935.9236717224,170596.48145103455,181339.44226455688
139,351937.8890571594,170582.93466567993,181354.9543838501
140,351901.53954696655,170570.99878501892,181330.5408821106
141,351875.7279548645,170548.65741729736,181327.07055854797
142,351877.8338851929,170518.44977760315,181359.3840045929
143,351877.7892303467,170513.10021018982,181364.68906021118
144,351909.2548675537,170554.12103271484,181355.13397026062
145,351878.48767471313,170556.87399101257,181321.61381340027
146,351846.04163742065,170551.09091758728,181294.9508743286
147,351893.7452583313,170544.6462211609,181349.09893417358
148,351866.3513221741,170489.67851638794,181376.67287635803
149,351864.26780700684,170563.70792388916,181300.55996894836
